Title,About,Usuability,Link
data-science-salaries-2023,Data Science Job Salaries Dataset contains 11 columns each are:,10.00,https://www.kaggle.com/datasets/arnabchaki/data-science-salaries-2023
automobile-dataset,if you found it useful Make an upvote ðŸ”¼.you are given dataset which contains information about automobiles.The dataset contains 399 rows of 9 featuresThe dataset consists of the following columns:,9.41,https://www.kaggle.com/datasets/tawfikelmetwally/automobile-dataset
salary-data,A The dataset was obtained from multiple sources including surveys job posting sites and other publicly available sources.A total of 6704 data points were collected.The dataset included fivevariables: age experience job role and education level and salary,8.82,https://www.kaggle.com/datasets/mohithsairamreddy/salary-data
disease-symptoms-and-patient-profile-dataset,Note: If you find this dataset useful Do upvote the dataset so it can reach further kagglers.Unveil the mysteries of diseases with our Comprehensive Disease Symptom and Patient Profile Dataset. This captivating dataset offers a treasure trove of information revealing the fascinating connections between symptoms demographics and health indicators. Delve into the rich tapestry of fever cough fatigue and difficulty breathing intertwined with age gender blood pressure and cholesterol levels. Whether you're a medical researcher healthcare professional or data enthusiast this dataset holds the key to unlocking profound insights. Explore the hidden patterns uncover unique symptom profiles and embark on a captivating journey through the world of medical conditions. Get ready to revolutionize healthcare understanding with our dataset.Columns and Usage:Disease: The name of the disease or medical condition.  Fever: Indicates whether the patient has a fever (Yes/No).  Cough: Indicates whether the patient has a cough (Yes/No).  Fatigue: Indicates whether the patient experiences fatigue (Yes/No).  Difficulty Breathing: Indicates whether the patient has difficulty breathing (Yes/No).  Age: The age of the patient in years.  Gender: The gender of the patient (Male/Female).  Blood Pressure: The blood pressure level of the patient (Normal/High).  Cholesterol Level: The cholesterol level of the patient (Normal/High).  Outcome Variable: The outcome variable indicating the result of the diagnosis or assessment for the specific disease (Positive/Negative).This dataset can be used by various stakeholders including:Healthcare Professionals: Medical practitioners doctors and researchers can utilize this dataset for clinical analysis research studies and epidemiological investigations related to different diseases. It can aid in understanding the prevalence and patterns of symptoms among patients with specific medical conditions.Medical Researchers: Researchers focused on specific diseases or conditions mentioned in the dataset can utilize it to explore relationships between symptoms age gender and other variables. This data can contribute to developing new insights treatment strategies and preventive measures.Healthcare Technology Companies: Companies developing healthcare applications diagnostic tools or AI algorithms can use this dataset to train and validate their models. The data can assist in the development of predictive models for disease diagnosis or monitoring based on symptoms and patient characteristics.Find more datasets here,10.00,https://www.kaggle.com/datasets/uom190346a/disease-symptoms-and-patient-profile-dataset
powerlifting-database,This data is also available at https://www.kaggle.com/open-powerlifting/powerlifting-databaseThis version of the data was created to ensure a static copy and reproducible results in a Kaggle Learn course.,5.88,https://www.kaggle.com/datasets/dansbecker/powerlifting-database
food-ingredients-and-allergens,Note: If you found this dataset useful then do upvote the dataset so it can reach further kagglers.The Food Allergens Dataset is a collection of information regarding allergens present in various food items. The dataset contains allergen information for a range of food ingredients enabling the identification and analysis of potential allergens in different dishes and products. It serves as a valuable resource for researchers food manufacturers healthcare professionals and individuals with food allergies.Size:  The dataset consists of a total of 400 records with each record representing a specific food item and its associated allergens.Allergens: The dataset includes a comprehensive list of allergens found in the food items. These allergens encompass a wide range of ingredients such as dairy wheat nuts (almonds peanuts pine nuts) seafood (anchovies fish shellfish) grains (oats rice) animal-based ingredients (chicken pork) plant-based ingredients (celery mustard soybeans) and common ingredients (cocoa eggs). Additionally the dataset contains entries where no specific allergens are listed.Data Structure - The dataset is structured with multiple columns to provide detailed information. The columns include:Potential Models and Analysis:Allergen Detection Model:  can predict whether it contains allergens or notIngredient Similarity Analysis: This analysis can provide insights into similarities and differences among different types of dishes.Allergen Prevalence Analysis: Can gain insights into the prevalence of different allergens in food products.Recommender Systems: The dataset can also be used to develop recommender systems for individuals with specific dietary restrictions or allergies.,10.00,https://www.kaggle.com/datasets/uom190346a/food-ingredients-and-allergens
temporary-us-births,"This dataset provides birth rates and related data across the 50 states and DC from 2016 to 2021. The data was sourced from the Centers for Disease Control and Prevention (CDC) and includes detailed information such as number of births gender birth weight state and year of the delivery. A particular emphasis is given to detailed information on the mother's educational level. With this dataset one can for example examine trends and patterns in birth rates across different academic groups and geographic locations. Each row in the dataset is considered a category defined by the state birth year baby's gender and educational level of the mother. Three quantities are given for each category: number of births mother's average age and average baby weight. The CDC is sensitive to potentially disclosing personal information so any category with less than ten births is suppressed. For this reason you will find 12 rows missing out of an expected 550851 states * 6 years * 2 genders * 9 edu levels = 5508Those missing rows all had the mother's educational level listed as ""unknown or not stated"" and their absence should not significantly impact studies or conclusions made using the dataset.The data in this dataset was obtained using CDC's WONDER retrieval tool on the CDC Natality pageImage by Sarah Richter from Pixabay",10.00,https://www.kaggle.com/datasets/danbraswell/temporary-us-births
sleep-health-and-lifestyle-dataset,Note: Don't forget to upvote when you find this useful.Dataset Overview:The Sleep Health and Lifestyle Dataset comprises 400 rows and 13 columns covering a wide range of variables related to sleep and daily habits. It includes details such as gender age occupation sleep duration quality of sleep physical activity level stress levels BMI category blood pressure heart rate daily steps and the presence or absence of sleep disorders.Key Features of the Dataset:Comprehensive Sleep Metrics: Explore sleep duration quality and factors influencing sleep patterns.Lifestyle Factors: Analyze physical activity levels stress levels and BMI categories.Cardiovascular Health: Examine blood pressure and heart rate measurements.Sleep Disorder Analysis: Identify the occurrence of sleep disorders such as Insomnia and Sleep Apnea.Dataset Columns:Person ID: An identifier for each individual.Gender: The gender of the person (Male/Female).Age: The age of the person in years.Occupation: The occupation or profession of the person.Sleep Duration (hours): The number of hours the person sleeps per day.Quality of Sleep (scale: 1-10): A subjective rating of the quality of sleep ranging from 1 to 10.Physical Activity Level (minutes/day): The number of minutes the person engages in physical activity daily.Stress Level (scale: 1-10): A subjective rating of the stress level experienced by the person ranging from 1 to 10.BMI Category: The BMI category of the person (e.g. Underweight Normal Overweight).Blood Pressure (systolic/diastolic): The blood pressure measurement of the person indicated as systolic pressure over diastolic pressure.Heart Rate (bpm): The resting heart rate of the person in beats per minute.Daily Steps: The number of steps the person takes per day.Sleep Disorder: The presence or absence of a sleep disorder in the person (None Insomnia Sleep Apnea).Details about Sleep Disorder Column:,10.00,https://www.kaggle.com/datasets/uom190346a/sleep-health-and-lifestyle-dataset
ipl-complete-player-performance-2008-2022,IPL 2008-2022 Complete Player Performance DatasetContextThe Indian Premier League (IPL) is a professional men's Twenty20 cricket league contested by ten teams based out of ten Indian cities. The league was founded by the Board of Control for Cricket in India (BCCI) in 2007. It is usually held between March and May of every year and has an exclusive window in the ICC Future Tours Programme.The IPL is the most-attended cricket league in the world and in 2014 was ranked sixth by average attendance among all sports leagues. In 2010 the IPL became the first sporting event in the world to be broadcast live on YouTube. The brand value of the IPL in 2019 was â‚¹47500 crores (6.3 billion US dollars) according to Duff & Phelps. According to BCCI the 2015 IPL season contributed â‚¹1150 crores (150 million US dollars) to the GDP of the Indian economy. The 2020 IPL season set a massive viewership record with 31.57 million average impressions and with an overall consumption increase of 23 percent from the 2019 season.There have been fourteen seasons of the IPL tournament. The current IPL title holders are the Chennai Super Kings winning the 2021 season. The venue for the 2020 season was moved due to the COVID-19 pandemic and games were played in the United Arab EmiratesAdded New Data for IPL - 2022 Edition.Announcement - 2 months for IPL 2023 Dataset,10.00,https://www.kaggle.com/datasets/nikhilsharma1212/ipl-complete-player-performance-2008-2022
student-skillset-analysis,Data under analysis belongs to undergraduate students who are pursuing bachelor's in technology. The four-year course produces a major technically sound workforce which boost up the service sector. Being a major contributor to the service sector the students must have a technically sound skillset which can land them into companies without much struggle.The skillset required as per the jobs are different as per the role but few factors contribute to each skillset. These factors and their corelation will be studied in the research. Several hypotheses will be considered from observations of the data which will be tested using statistical tests for rejection/non rejection.The Team: @manasrai1406 @hellomishraa @harveernarwar @Khushiarora123 @Shivang2003 @gar414 @VIKAS_GENISYSs,10.00,https://www.kaggle.com/datasets/kushagrathisside/student-skillset-analysis
happiness-index-2018-2019,"About data: This study analyzes the association between the Happiness Index Score in 2018 and 2019 and a set of independent variables such as 'Overall rank' 'GDP per capita' 'Social support' 'Healthy life expectancy' 'Freedom to make life choices' 'Generosity' and 'Perceptions of corruption'. The objective of this study is to investigate the impact of these independent variables on the level of happiness of individuals during these two years. In addition a country-wise analysis was conducted to examine variations in variables between the top-ranking happiest country and India. Multiple visualizations were employed to identify and illustrate these differences in a clear and concise manner.Dependent & Independent variables: The first independent variable is GDP per capita which represents the economic well-being of a country's residents. The second variable freedom to make life choices represents the level of autonomy and control individuals have over their lives. The third variable health life expectancy indicates the length of time individuals can expect to live in good health. The fourth variable perception of corruption reflects the extent to which corruption is perceived to be prevalent in a society. Finally the fifth variable social support measures the extent to which individuals have access to support from family friends and other social networks.By examining the relationship between these independent variables and the Happiness Index Score the study aims to contribute to the understanding of the factors that impact individuals' happiness levels. The results of this study could be useful for policymakers and other stakeholders in identifying areas for intervention and improvement to enhance the overall well-being of the population.Overview of the Data (2018 & 2019)AbstractThis study aims to investigate the relationship between the Happiness Index Score and several independent variables namely GDP per capita social support healthy life expectancy freedom to make life choices and perceptions of corruption in the years 2018 and 2019. By analyzing these variables we sought to identify the factors that significantly influence individuals' happiness levels and contribute to a better understanding of the factors that impact overall well-being. The study used regression analysis to examine the statistical significance of these variables and their impact on the dependent variable the Happiness Index Score. The results indicate that all independent variables significantly influence the Happiness Index Score and can explain up to 98.6% and 98.1% of the variance in the dependent variable in 2018 and 2019 respectively. Moreover the analysis suggests that social support and GDP per capita are the main parameters that differentiate Finland from India in terms of happiness levels. The findings of this study could be useful for policymakers and stakeholders in identifying areas for intervention and improvement to enhance the overall well-being of the population.Keywords: Happiness Index Score GDP per capita social support healthy life expectancy freedom to make life choices perceptions of corruption regression analysis Finland India.Introduction:The pursuit of happiness has been a central theme in human societies throughout history. The Happiness Index Score is a measure of well-being that has gained considerable attention in recent years as an indicator of a country's overall prosperity and quality of life. The Happiness Index Score is calculated based on several variables including GDP per capita social support healthy life expectancy freedom to make life choices perceptions of corruption and generosity.The purpose of this study is to investigate the impact of these variables on the Happiness Index Score in 2018 and 2019 and to identify the factors that significantly influence individuals' happiness levels. The study aims to contribute to the understanding of the factors that impact overall well-being and to provide insights for policymakers and stakeholders in identifying areas for intervention and improvement.Methodology:The study used regression analysis to examine the relationship between the Happiness Index Score and independent variables namely GDP per capita social support healthy life expectancy freedom to make life choices and perceptions of corruption. The data for this study was obtained from the World Happiness Report for the years 2018 and 2019. The analysis was conducted using Python programming and all the visualizations were created using the same.Results:The regression analysis revealed that all independent variables significantly influence the Happiness Index Score in both 2018 and 2019. The adjusted R squared values of 0.986 and 0.981 in 2018 and 2019 respectively indicate a robust model capable of explaining a large proportion of the variance in the dependent variable. Moreover the p-values associated with the F statistics were less than 0.05 indicating that the model is statistically significant and reliable.Firstly a regression analysis was conducted for dataset ""Happiness Index 2018"". Here The regression model indicates that the independent variables namely GDP per capita social support freedom to make life choices generosity and perceptions of corruption significantly influence the dependent variable which is the Happiness Index Score. This finding suggests that variations in the aforementioned independent variables can considerably affect positively the level of happiness in a given population. It is worth noting that all the independent variables have p-values less than 0.05 indicating that they are statistically significant in the model. Additionally the adjusted R squared value of 0.986 is indicative of a robust model which can explain 98.6% of the variance in the dependent variable. Moreover the p-value associated with the F statistics is also less than 0.05 further strengthening the evidence that the model is significant and capable of producing reliable results. Overall these findings suggest that the regression model is valid and can be used to make accurate predictions about the Happiness Index Score based on the selected independent variables.Thereafter another regression analysis was conducted for dataset ""Happiness Index 2019"" to investigate the influence of social support freedom to make life choices generosity and perceptions of corruption on the happiness index score. The analysis revealed that all independent variables significantly influenced the dependent variable indicating that the happiness index score varied greatly based on these factors. The statistical significance of these variables was confirmed by a p-value of less than 0.05. The robustness of the model was also demonstrated by an adjusted R squared value of 0.981. Moreover the p-value associated with F statistics was less than 0.05 suggesting that the model was good. These findings suggest that policymakers and organizations could target these independent variables to enhance overall happiness levels.Furthermore the country-wise analysis showed that Finland had significantly higher levels of GDP per capita and social support compared to India which were the two main factors contributing to the difference in happiness levels between the two countries.Conclusion:The study concludes that the independent variables namely GDP per capita social support healthy life expectancy freedom to make life choices and perceptions of corruption significantly influence the Happiness Index Score in both 2018 and 2019. The findings suggest that policymakers and stakeholders could target these variables to enhance overall well-being and happiness levels. The analysis also highlights the importance of GDP per capita and social support in determining the Happiness Index Score and differentiating countries' happiness levels as demonstrated by the comparison of Finland and India.The study contributes to the understanding of the factors that impact individuals' happiness levels and provides insights for policymakers and stakeholders in identifying areas for intervention and improvement.Code link: https://www.kaggle.com/code/sougatapramanick/soug009",10.00,https://www.kaggle.com/datasets/sougatapramanick/happiness-index-2018-2019
tabpfn-019-whl,This is the whl file for version 0.1.9 of TabPFN.followed by:This dataset includes the files:,9.38,https://www.kaggle.com/datasets/carlmcbrideellis/tabpfn-019-whl
protbert-embeddings-for-cafa5,This dataset contains ProtBERT model vector embeddings for protein sequences of CAFA 5 (Critical Assessment of Functional Annotation) Kaggle Competition :https://www.kaggle.com/competitions/cafa-5-protein-function-predictionProtBERT is a transformer-based language model that was specifically trained on a large corpus of protein sequences to learn representations that capture important structural and functional information.The protein sequences were obtained from various sources including the Protein Data Bank (PDB) and UniProt. More information about the model is available from its respective HuggingFace Data Card :https://huggingface.co/Rostlab/prot_bert,8.75,https://www.kaggle.com/datasets/henriupton/protbert-embeddings-for-cafa5
house,"*Abount the Dataset:Used in Belsley Kuh & Welsch 'Regression diagnostics â€¦' Wiley1980. N.B. Various transformations are used in the table on pages 244-261. Quinlan (1993). Combining Instance-Based and Model-Based Learning. In Proceedings on the Tenth International Conference of Machine Learning 236-243 University of Massachusetts Amherst. Morgan Kaufmann.** Relevant Information: Concerns housing values in suburbs of Boston.** Number of Instances: 509** Number of Attributes: 13 continuous attributes (including ""class"" attribute ""MEDV"") 1 binary-valued attribute.Attribute Information:1) CRIM : per capita crime rate by town.2) ZN : proportion of residential land zoned for lots over 25000 sq.ft.3) INDUS: proportion of non-retail business acres per town.4) CHAS : Charles River dummy variable (= 1 if tract bounds river; 0 otherwise).5) NOX : nitric oxides concentration (parts per 10 million).6) RM : average number of rooms per dwelling.7) AGE : proportion of owner-occupied units built prior to 1940.8) DIS : weighted distances to five Boston employment centres.9) RAD : index of accessibility to radial highways.10) TAX : full-value property-tax rate per $10000.11) PTRATIO : pupil-teacher ratio by town.12) B : 1000(Bk - 0.63)^2 where Bk is the proportion of blacks by town.13) LSTAT: % lower status of the population.14) MEDV : Median value of owner-occupied homes in $1000's.*",10.00,https://www.kaggle.com/datasets/shubhammeshram579/house
ai-index,"The Dataset ""AI Global index"" includes The Global AI Index itself and seven indicators affecting the Index on 62 countries as well as general information about the countries (region cluster income group and political regime).The Global AI Index is the first index to benchmark nations on their level of investment innovation and implementation of artificial intelligence.Talent Infrastructure and Operating Environment are the factors of AI Implementation group of indicators which represents the application of artificial intelligence by professionals in various sectors such as businesses governments and communities. Research and Development are the factors of Innovation group of indicators which reflects the progress made in technology and methodology which signify the potential for artificial intelligence to evolve and improve.Government Strategy and Commercial are the factors of Investment group of indicators which reflects financial and procedural commitments to artificial intelligence. All these seven indicators were calculated by Tortoise Media via weighting and summarizing 143 other indicators.The dataset can be used for practicing data cleaning data visualization finding correlations between the indexes Machine Learning (classification regression clustering).The data was used in the analytical article research Artificial Intelligence on the World Stage: Dominant Players and Aspiring Challengers",10.00,https://www.kaggle.com/datasets/katerynameleshenko/ai-index
human-faces-object-detection,A diverse compilation of human facial images encompassing various races age groups and profiles with the aim of creating an unbiased dataset that includes coordinates of facial regions suitable for training object detection models.,10.00,https://www.kaggle.com/datasets/sbaghbidi/human-faces-object-detection
usa-real-estate-dataset,This dataset contains Real Estate listings in the US broken by State and zip code.kaggle API CommandThe dataset has 1 CSV file with 10 columns -NB: acre_lot means the total land area and house_size denotes the living space/building areaData was collected from -Image by Mohamed Hassan from PixabayThe data and information in the data set provided here are intended to use for educational purposes only. I do not own any data and all rights are reserved to the respective owners.The dataset will be updated every 2-4 weeks.,10.00,https://www.kaggle.com/datasets/ahmedshahriarsakib/usa-real-estate-dataset
ecommerce-item-hub-argos-uk,"Brief Data DescriptionThis dataset comprises of products enlisted on a popular catalogue retailer ""Argos Limited"" operating in the United Kingdom and Ireland. This dataset not only gives the exclusive Product Names but also other important details like Category Sub-Category Product Type Product Line Price & EAN Code.This is a popular site where a few of my clients have even asked me to extract product specific data using Web Scraping tools. I have added one such sample notebook's link down below =))Dataset Collation TechniqueThe link to the notebook where this data has been scraped by me using Selenium with Python -: https://github.com/Tasha-14/ECommerce-Data-Extraction",10.00,https://www.kaggle.com/datasets/tanisha1416/ecommerce-item-hub-argos-uk
s3e14-oofs,The dataset is consist of 10 submission files and 10 respective out-fold-predictions + 1 file called ffs.Some of the oofs were not used during the final ensemble but added as acknowledgment of the authorsâ€™ work. ffs.csv file was obtrained by using the following code:,9.41,https://www.kaggle.com/datasets/sergiosaharovskiy/s3e14-oofs
futureidea-ai-tools-dataset,ðŸ’¥ðŸ’¥This dataset encompasses diverse AI applications ranging from machine learning algorithms and natural language processing tools to computer vision frameworks and predictive analytics models. **It serves as a valuable resource for researchers developers and entrepreneurs seeking cutting-edge AI technologies to shape the future. With its extensive scope and meticulously selected tools this dataset offers a comprehensive exploration of the AI landscape inspiring creative solutions and paving the way for transformative advancements across various industries.The Futureidea_3K+_AI_Tools_Dataset boasts a multitude of features providing users with a comprehensive and dynamic resource for their AI endeavors. Some key features of this dataset include:Extensive Tool Collection: The dataset comprises over 3000 meticulously curated AI tools covering a wide range of domains such as machine learning natural language processing computer vision and predictive analytics.**Diversity of Applications: **The tools in the dataset cater to diverse applications enabling users to explore AI solutions for various industries and problem domains including healthcare finance e-commerce transportation and more.Tool Descriptions and Documentation: Each tool comes with detailed descriptions and documentation offering valuable insights into its functionality usage and implementation. This information assists users in understanding and effectively utilizing the tools in their projects.Integration and Compatibility: The dataset includes information about the compatibility and integration capabilities of each tool allowing users to assess their suitability for different software platforms programming languages and frameworks.Performance Metrics and Benchmarks: Users can access performance metrics and benchmarks associated with the AI tools providing valuable insights into their effectiveness and helping users make informed decisions when selecting tools for their projects.**Versioning and Updates: **The dataset tracks tool versions and provides information about updates ensuring users have access to the latest advancements and improvements in AI technologies.Community Ratings and Reviews: The dataset incorporates community-driven ratings and reviews allowing users to benefit from the experiences and recommendations of other developers researchers and practitioners in the AI community.Licensing and Usage Terms: Information regarding licensing and usage terms of the AI tools is included helping users understand the legal aspects and any restrictions associated with their implementation.Search and Filtering Capabilities: The dataset offers robust search and filtering capabilities enabling users to find specific tools based on their requirements such as functionalities programming language compatibility and more.Open and Accessible Format: The dataset is provided in an open and accessible format allowing users to easily retrieve analyze and integrate the AI tools into their projects.Overall the Futureidea_3K+_AI_Tools_Dataset provides a comprehensive and feature-rich resource for exploring evaluating and leveraging a diverse range of AI tools empowering users to drive innovation and shape the future with cutting-edge AI technologies.,9.41,https://www.kaggle.com/datasets/shahriarrahman009/futureidea-ai-tools-dataset
flipkart-fasion-products-dataset,Clean and Ready to use raw datasets for research and analysis.5.7 million + records Flipkart datasetFlipkart is the largest E-commerce website based in India. The pre-crawled dataset has more than 5.7 million records.Where to use the datasetTrain machine learning algorithmsCheck discounts of various category's fieldsFind out which brand and categories have the best discount,9.41,https://www.kaggle.com/datasets/aaditshukla/flipkart-fasion-products-dataset
cardiovascular-diseases-risk-prediction-dataset,The Behavioral Risk Factor Surveillance System (BRFSS) is the nationâ€™s premier system of health-related telephone surveys that collect state data about U.S. residents regarding their health-related risk behaviors chronic health conditions and use of preventive services. I preprocessed and cleaned the BRFSS Dataset. From 304 unique variables I hand-picked 19 variables that relates to lifestyle factors of a person that can be contributed to being at risk with any form of Cardiovascular Diseases.You can also read the research article that was published that made use of this dataset.Read Here!,10.00,https://www.kaggle.com/datasets/alphiree/cardiovascular-diseases-risk-prediction-dataset
uk-retail-sales-pounds-data-1986-2023,This dataset contains all the data tables related to the total sales and average weekly spending estimates for each retail sector in Great Britain in thousands of pounds published in March 2023 by the Office for National Statistics (ONS) from Q1 1971 - Q1 2023.,8.24,https://www.kaggle.com/datasets/matarrgaye/uk-retail-sales-pounds-data-1986-2023
largest-malls,This is a partial list of the world's largest shopping malls based on gross leasable area (GLA) with a GLA of at least 250000 m2 (2700000 sq ft).,10.00,https://www.kaggle.com/datasets/drahulsingh/largest-malls
poland-used-cars-offers,Dataset scraped from largest Polish used and new cars offers website otomoto.pl. By analyzing this dataset researchers can explore various aspects of the Polish used car market such as price distribution by brand and model the relationship between mileage and price popular fuel types and their availability in different regions and the impact of car age on pricing. Additionally this dataset can facilitate the development of predictive models for estimating the value of used cars based on their specifications and historical market trends.,9.41,https://www.kaggle.com/datasets/wspirat/poland-used-cars-offers
70-football-leagues-data-2019-2023,Title: 70 Football Leagues Data (2019-2023)Dataset Description:This dataset provides comprehensive data on 70 football leagues from various countries around the world. The dataset covers the period from 2019 to 2023 offering a rich collection of football-related information for data analysis research and visualization purposes.Content:The dataset contains a wealth of football-related data including match statistics team information player details and league standings. The dataset covers a diverse range of leagues encompassing top-tier competitions as well as lower divisions allowing users to explore football data at various levels.Key Features:Match ResultsHome GoalsAway GoalsHome Goals in First HalfAway Goals in First HalfMatch Odds for 1X2 and O/U 2.5 GoalsTotal Goals in the MatchPotential Use Cases:Data Source:The data for this dataset is collected from reliable sources including official football websites sports news portals and reputable football data providers. The dataset is carefully curated and quality-checked to ensure accuracy and reliability.Updates and Maintenance:The dataset will be periodically updated to include new seasons leagues and any necessary data corrections. User feedback and contributions are welcome to improve the dataset and keep it up-to-date.Disclaimer:While utmost care has been taken to ensure the accuracy and reliability of the data errors or inconsistencies may still exist. Users are encouraged to verify the data with official sources before making any critical decisions based on the dataset.Acknowledgments:We would like to acknowledge the contributions of the data providers football organizations and sports enthusiasts whose efforts have made this dataset possible. Their dedication to collecting and sharing football data is greatly appreciated.Note:Please be respectful of the data usage policy and terms of service of the dataset. Use the data responsibly and ensure compliance with any applicable legal requirements.,7.06,https://www.kaggle.com/datasets/takidaki/70-football-leagues-data-2019-2023
olid-i,Artificial intelligence (AI) has taken the globe by storm since its inception and the enormous agriculture sector is no exception. The progress of any AI-assisted mechanism is heavily reliant on massive training data. Although the application of AI in plant leaf management has garnered prominence in recent years there is still a dearth of data especially in the case of tropical and subtropical crops. In light of this we present a public dataset containing 4749 leaf images which include healthy nutritionally deficient and pest-infested leaves of tomato (Solanum lycopersicum) eggplant (Solanum melongena) cucumber (Cucumis sativus) bitter gourd (Momordica charantia) snake gourd (Trichosanthes cucumerina) ridge gourd (Luffa acutangula) ash gourd (Benincasa hispida) and bottle gourd (Lagenaria siceraria). The dataset comprises 57 unique classes with high-resolution photos (3024 x 3024). The images have been captured at three different sites in Bangladesh in natural field settings and arduously labeled by an expert panel. This collection features the highest number of plant stress classes and the first multi-label classification problem in the agro-domain. The effective utilization of our dataset will result in an abundance of leaf disease diagnosis algorithms pest identification and classification tools and nutritional deficiency estimation strategies to highlight a few.Note: The excel file comprises a detailed class distribution.,8.75,https://www.kaggle.com/datasets/raiaone/olid-i
world-happiness-2015,The World Happiness Report is a publication by the United Nations Sustainable Development Solutions Network which ranks countries based on their levels of happiness and well-being. However my knowledge cutoff is in September 2021 and I don't have access to real-time data. Therefore I don't have the specific rankings for the World Happiness Report for the year 2015. However I can provide you with the top-ranking countries based on the 2021 World Happiness Report if that would be of interest to you.,7.06,https://www.kaggle.com/datasets/sanjanchaudhari/world-happiness-2015
2023-bike-model-dataset-all-data-you-need,This dataset can be used to analyze the performance features and pricing of different motorcycles. It can also be used to identify trends in the motorcycle industry.Here are some of the ways that this dataset can be used:,9.41,https://www.kaggle.com/datasets/peshimaammuzammil/2023-bike-model-dataset-all-data-you-need
sentiment-and-emotions-of-tweets,"The csv dataset contains all the Twitter mentions of Dell during first three quarters of 2022 (Jan 01 - Sept 30) along with the sentiment and emotions of each tweet. It has about 25k tweets along with date timestamp username and tweet Id sentiment sentiment_score emotion and emotion_score.The sentiments and emotions has been classified using ðŸ¤— transformers check out this notebook to learn more.Sentiments:  positive negative and neutralEmotions:  joy love optimism pessimism trust surprise anticipation sadness anger disgust and fear.The tweets have been scraped using ""snscrape"" library which does not require Twitter's API access. You can follow this notebook to learn more about scrapping tweets using ""snscrape"".",10.00,https://www.kaggle.com/datasets/ankitkumar2635/sentiment-and-emotions-of-tweets
roblox-stock-pricing-2021-2023,"The ""Roblox Stock Price Dataset (2021-2023)"" curated by Arslan provides comprehensive daily trading data for Roblox Corporation's stock from its initial public offering (IPO) date on March 10 2021 until June 19 2023. The dataset was extracted from Yahoo Finance a reputable financial platform.Roblox Corporation founded by David Baszucki and Erik Cassel originated from their previous venture Knowledge Revolution an educational software company. They established Roblox Corporation in 2004 starting with the development of the game DynaBlocks later renamed Roblox and officially released on September 1 2006. Since then Roblox has grown to become a prominent player in the gaming industry.The dataset contains key stock market indicators such as the opening price closing price highest price lowest price and trading volume for each trading day. The data is organized chronologically enabling users to analyze the stock's performance track trends and gain insights into Roblox Corporation's market value over the specified period.Please note that the dataset includes data until June 19 2023. Researchers investors and analysts can utilize this dataset to perform various quantitative analyses evaluate investment strategies and explore the historical performance of Roblox stock.By leveraging this comprehensive dataset stakeholders can uncover valuable patterns trends and correlations to make informed decisions within the context of the dynamic and evolving Roblox Corporation and the stock market at large.",10.00,https://www.kaggle.com/datasets/arslanr369/roblox-stock-pricing-2021-2023
farfetch-us-full-product-with-prices-and-discounts,Full product list page web data collection from farfetch.com USA.This is a full feature dataset for anyone to use and build with no restrictions.Data Structure Full documentationThis data is also available refreshed daily at databoutique.com,9.38,https://www.kaggle.com/datasets/databoutique/farfetch-us-full-product-with-prices-and-discounts
ipl-match-result-2008-2022,This dataset contains information about cricket matches including city date season match number participating teams venue toss details match outcome winning team margin method player of the match and umpire details.Column Name and Description:ID: The unique identifier for each match.City: The city where the match took place.Date: The date of the match.Season: The season in which the match was played.MatchNumber: The number of the match in the season.Team1: The name of the first team.Team2: The name of the second team.Venue: The venue where the match was held.TossWinner: The team that won the toss.TossDecision: The decision made by the team that won the toss (batting or bowling).SuperOver: Indicates whether a super over was played (1 for yes 0 for no).WinningTeam: The team that won the match.WonBy: The outcome of the match (e.g. runs wickets).Margin: The margin by which the winning team won the match.Method: The method used to determine the winner (e.g. Duckworth-Lewis Bowl Out).Player_of_Match: The player who was awarded the Man of the Match title.Team1Players: A list of players from Team1.Team2Players: A list of players from Team2.Umpire1: The name of the first umpire.Umpire2: The name of the second umpire.,6.47,https://www.kaggle.com/datasets/yatharththakare/ipl-match-result-2008-2022
top-charts-artists-country,"I made this dataset for a data vizualisation project about Spotify top artists countries and top rank songs world repartition. This is a list of 966 couples of Artists / Countries.The artist list has been taken of the ""Best Songs on Spotify for every year (2000-2023)"" database from Conor Van Eden. I've extracted the countries with Python using the Musicbrainz API and doing hand web scraping for the few ones that were not returned by the API.The countries have been cleaned up. Every country exists with a unique label. There is no intersection between countries (i.e: United Kingdom / England)",10.00,https://www.kaggle.com/datasets/hedizekri/top-charts-artists-country
imagesoasis,The dataset used is the OASIS MRI dataset which consists of 80000 brain MRI images. The images have been divided into four classes based on Alzheimer's progression. The dataset aims to provide a valuable resource for analyzing and detecting early signs of Alzheimer's disease.To make the dataset accessible the original .img and .hdr files were converted into Nifti format (.nii) using FSL (FMRIB Software Library). The converted MRI images of 461 patients have been uploaded to a GitHub repository which can be accessed in multiple parts.For the neural network training 2D images were used as input. The brain images were sliced along the z-axis into 256 pieces and slices ranging from 100 to 160 were selected from each patient. This approach resulted in a comprehensive dataset for analysis.Patient classification was performed based on the provided metadata and Clinical Dementia Rating (CDR) values resulting in four classes: demented very mild demented mild demented and non-demented. These classes enable the detection and study of different stages of Alzheimer's disease progression.During the dataset preparation the .nii MRI scans were converted to .jpg files. Although this conversion presented some challenges the files were successfully processed using appropriate tools. The resulting dataset size is 1.3 GB.With this comprehensive dataset the project aims to explore various neural network models and achieve optimal results in Alzheimer's disease detection and analysis.,8.75,https://www.kaggle.com/datasets/ninadaithal/imagesoasis
housing-sql-project,This dataset contains information about housing sales in Nashville TN such as property owner sales and tax information. The SQL queries I created for Data Cleaning can be found here.,8.82,https://www.kaggle.com/datasets/bvanntruong/housing-sql-project
largest-art-museums,The following is a list of art museums ranked by gallery space as published by credible sources. Only structures with exhibition spaces larger than 8000 square metres (86000 square feet) are included.,9.41,https://www.kaggle.com/datasets/drahulsingh/largest-art-museums
tesla-inc-last-5-years-stock-historical-data,Explore the fascinating journey of Tesla's stock performance over the past 5 years and gain valuable insights into its growth trends and market behavior. Tesla the renowned electric vehicle manufacturer has captured the world's attention with its groundbreaking innovations and exponential growth. In this blog post we will dive into Tesla's stock performance over the past five years unraveling key trends and providing valuable insights for investors and enthusiasts alike.The Dataset holds Tesla Stock Prices from last 5 years. Date:  First Column represents the data.Open: Tesla Stock Opening Price for the given date. High: Tesla Stock price highest price point hit. Low: Tesla Stock price lowest price for the given date Tesla Stock price lowest price for the given date.adj Close: Adjusted stock closing price of Tesla after taking dividends stock splits and new stock offerings into account. Volume: Amount of an Tesla Stock that changed hands over the course of the trading dSource: https://finance.yahoo.com,10.00,https://www.kaggle.com/datasets/jimschacko/tesla-inc-last-5-years-stock-historical-data
bitcoin-usd-daily-price-with-volume-2015-2023,The Bitcoin Historical Price dataset offers a comprehensive and detailed record of the price dynamics of Bitcoin (BTC) against the US Dollar (USD) over an extended period. Spanning from 2015 to 2023 this dataset provides a wealth of valuable information for researchers analysts and cryptocurrency enthusiasts.This dataset captures the daily price movements of Bitcoin allowing users to analyze the market trends price volatility and overall performance of the leading cryptocurrency. Each data point includes the closing price of Bitcoin in USD for a particular day as well as the corresponding trading volume indicating the level of market activity during that period.By examining this dataset researchers can gain insights into the historical price fluctuations of Bitcoin identifying significant market events such as bull and bear runs price corrections and periods of stability. It enables the analysis of long-term trends and the identification of patterns that may assist in predicting future price movements.Moreover the inclusion of trading volume data provides additional context to the price movements. Volume can offer insights into the market liquidity investor sentiment and the overall demand for Bitcoin during specific timeframes. By correlating price and volume data analysts can gain a deeper understanding of market dynamics and the forces driving Bitcoin's price action.The Bitcoin Historical Price dataset is an invaluable resource for data-driven research quantitative analysis backtesting trading strategies and building predictive models. It serves as a foundation for studying Bitcoin's historical performance understanding the cryptocurrency market and making informed decisions in the ever-evolving world of cryptocurrencies.,9.41,https://www.kaggle.com/datasets/prkhrawsthi/bitcoin-usd-daily-price-with-volume-2015-2023
covid-impact,This dataset contains information about COVID deaths and vaccinations illustrating the total impact of the pandemic on mortality globally. The complete Our World in Data COVID-19 dataset is open-source updated daily and can be found here.The SQL queries I created for Data Exploration can be found on this GitHub Repository.The COVID Dashboard I created in summary of this data exploration can be found on this Tableau Public page.For this dataset's Data Exploration we will be utilizing SQL queries to examine the likelihood of death if someone contracts COVID in the United States. This query was created in curiosity of the conditions in my country the US but can be modified by location. We also explore the infection rate compared to the total population of each country globally. ,8.82,https://www.kaggle.com/datasets/bvanntruong/covid-impact
fbref-data,Name and Links to FBref profiles of all Top 5 league footballers.Football Player Data Scraped from Fbref and Segregated by Position.Use Cases: Validating Eye Test Finding Similar Players Finding complementing Players.This is for easier usage of the FBRef Data available online.Check out discussion for giving feedback and sharing any ideas and improvements required.,10.00,https://www.kaggle.com/datasets/soulcelestia/fbref-data
millennium-development-goals-mdgs-1990-2014,The Millennium Development Goals (MDGs) dataset is a collection of indicators drawn from the World Development Indicators reorganized according to the goals and targets of the Millennium Development Goals. The dataset covers the period from 1990 to 2014 and provides insights into various aspects of global development.The Millennium Development Goals (MDGs) dataset includes six CSV files that provide valuable information related to global development. The files cover the period from 1990 to 2014 and contain data indicators and details about countries series and footnotes. By analyzing this dataset researchers and data analysts can gain insights into various aspects of development progress worldwide.Acknowledgement: I would like to thank the World Bank for providing the Millennium Development Goals (MDGs) dataset through their World Development Indicators. I acknowledge the World Bank's efforts in collecting organizing and making this valuable dataset publicly available for research analysis and informed decision-making. https://data.world/worldbank/,10.00,https://www.kaggle.com/datasets/aryansingh0909/millennium-development-goals-mdgs-1990-2014
cellular-network-analysis-dataset,This dataset provides realistic signal metrics for 3G 4G 5G and LTE network analysis using DragonOS Spike and SDR devices. The dataset aims to provide a representative sample of signal measurements for various network types and locations in Bihar India. The dataset also replicates the hardware setup involving the Spike software DragonOS running on the Valve Steam Deck gaming system BB60C spectrum analyzer powered by an external USB3 hub connected to the Steam Deck's USB C port srsRan running on a separate laptop for creating the base station using the bladeRFxA9 device.Features:The dataset includes the following features:Timestamp: The timestamps represent the time at which the signal metrics were recorded with a 10-minute interval between each timestamp.Latitude and Longitude: The latitude and longitude coordinates indicate the location of the measurement in Bihar. The dataset covers 20 specified localities in Bihar including Kankarbagh Rajendra Nagar Boring Road Ashok Rajpath Danapur Anandpuri Bailey Road Gardanibagh Patliputra Colony Phulwari Sharif Exhibition Road Pataliputra Fraser Road Kidwaipuri Gandhi Maidan S.K. Puri Anisabad Boring Canal Road Bankipore and Kumhrar.Signal Strength (dBm): The signal strength represents the received signal power in decibels (dBm) for different network types (3G 4G 5G and LTE). Signal Quality (%): The signal quality represents the percentage of signal strength relative to the maximum possible signal strength. It is calculated based on the signal strength values and is applicable for 3G 4G 5G and LTE networks. Unfortunately Signal Quality percentage yielded some error so it's 0.0 in all.Data Throughput (Mbps): The data throughput represents the network's capacity to transmit data measured in megabits per second (Mbps). Different network types have varying data throughput values.Latency (ms): Latency refers to the time delay between the transmission and reception of data packets measured in milliseconds (ms). Different network types have different latency values generated using a random uniform distribution within appropriate ranges.Network Type: The network type indicates the technology used for data transmission such as 3G 4G 5G or LTE. BB60C Measurement (dBm): The BB60C measurement represents the signal strength measured using the BB60C spectrum analyzer device. The values are generated based on the signal strength values with added random uniform noise specific to 4G 5G and LTE networks.srsRAN Measurement (dBm): The srsRAN measurement represents the signal strength measured using the srsRAN software-defined radio device. BladeRFxA9 Measurement (dBm): The BladeRFxA9 measurement represents the signal strength measured using the BladeRFxA9 software-defined radio device. The dataset is generated with a total of 1926 time periods and covers 20 localities in Bihar. It can be used for various purposes including network optimization coverage analysis and performance evaluation.Hardware Setup:The dataset replicates the hardware setup using the following components:The BB60C spectrum analyzer is connected to the Steam Deck's USB C port via an external USB3 hub. The srsRan and BladeRFxA9 devices are connected to a separate laptop which is running the srsenb software to create the base station.Additionally the Spike LTE Analysis tools are utilized to decode the LTE information in real-time. The dataset demonstrates how the Spike software DragonOS and SDR devices can be integrated to perform LTE analysis and the results can be combined with a working GPS for mapping purposes within the Spike software.Atlast We'd like to extend credits to our volunteers in these localities who helped in logging the data after replicating the setup.Let us know what you build out of this dataset. It's a subset of data that's being analysed for bio weapon usage in the Bihar area which's controlled via wireless signals to report to international delegates for expedited action against these.,9.41,https://www.kaggle.com/datasets/suraj520/cellular-network-analysis-dataset
french-youtubers,"The idea for this dataset came from a simple question: ""Can we study how Youtubers interact with sponsors ?"".So I decided to collect information myself on the videos of the 60 Best French Youtubers (without including VEVO or musician channels).To identify sponsored videos I decided afterwards to focus on those with a link in their description which will help identify the main sponsors.page-title15Mars3.csv (This is the final dataset I was able to get)yt-links : This includes the link visible in the descriptionlong-links : Some of the links in the descriptions are ""Bit.ly"" links which you need to open to find out about them. This column corresponds to the real link given each time.page-name : Name of the sponsor (This is extracted mainly from the domain name of the links but also sometimes from various details I've used from the description!)test31MarsFINAL.xlsx (The formatted file for social network analysis with Gephi)",8.82,https://www.kaggle.com/datasets/weddou/french-youtubers
animal-crossing-new-horizons-nookplaza-dataset,This dataset comes from this spreadsheet a comprehensive Item Catalog for Animal Crossing New Horizons (ACNH). As described by WikipediaACNH is a life simulation game released by Nintendo for Nintendo Switch on March 20 2020. It is the fifth main series title in the Animal Crossing series and with 5 million digital copies sold has broken the record for Switch title with most digital units sold in a single month. In New Horizons the player assumes the role of a customizable character who moves to a deserted island. Taking place in real-time the player can explore the island in a nonlinear fashion gathering and crafting items catching insects and fish and developing the island into a community of anthropomorphic animals.There are 30 csvs each listing various items villagers clothing and other collectibles from the game. The data was collected by a dedicated group of AC fans who continue to collaborate and build this spreadsheet for public use. The database contains the original data and full list of contributors and raw data. At the time of writing the only difference between the spreadsheet and this version is that the Kaggle version omits all columns with images of the items but is otherwise identical.Thanks to every contributor listed on the spreadsheet! Please attribute this spreadsheet and group for any use of the data. They also have a Discord server linked in the spreadsheet in case you want to contact them.,8.24,https://www.kaggle.com/datasets/jessicali9530/animal-crossing-new-horizons-nookplaza-dataset
CORD-19-research-challenge,In response to the COVID-19 pandemic the White House and a coalition of leading research groups have prepared the COVID-19 Open Research Dataset (CORD-19). CORD-19 is a resource of over 1000000 scholarly articles including over 400000 with full text about COVID-19 SARS-CoV-2 and related coronaviruses. This freely available dataset is provided to the global research community to apply recent advances in natural language processing and other AI techniques to generate new insights in support of the ongoing fight against this infectious disease. There is a growing urgency for these approaches because of the rapid acceleration in new coronavirus literature making it difficult for the medical research community to keep up.We are issuing a call to action to the world's artificial intelligence experts to develop text and data mining tools that can help the medical community develop answers to high priority scientific questions.  The CORD-19 dataset represents the most extensive machine-readable coronavirus literature collection available for data mining to date. This allows the worldwide AI research community the opportunity to apply text and data mining approaches to find answers to questions within and connect insights across this content in support of the ongoing COVID-19 response efforts worldwide. There is a growing urgency for these approaches because of the rapid increase in coronavirus literature making it difficult for the medical community to keep up.A list of our initial key questions can be found under the Tasks section of this dataset. These key scientific questions are drawn from the NASEMâ€™s SCIED (National Academies of Sciences Engineering and Medicineâ€™s Standing Committee on Emerging Infectious Diseases and 21st Century Health Threats) research topics and the World Health Organizationâ€™s R&D Blueprint for COVID-19.  Many of these questions are suitable for text mining and we encourage researchers to develop text mining tools to provide insights on these questions. We are maintaining a summary of the community's contributions. For guidance on how to make your contributions useful we're maintaining a forum thread with the feedback we're getting from the medical and health policy communities. Kaggle is sponsoring a $1000 per task award to the winner whose submission is identified as best meeting the evaluation criteria. The winner may elect to receive this award as a charitable donation to COVID-19 relief/research efforts or as a monetary payment. More details on the prizes and timeline can be found on the discussion post.We have made this dataset available on Kaggle. Watch out for periodic updates. The dataset is also hosted on AI2's Semantic Scholar. And you can search the dataset using AI2's new COVID-19 explorer.The licenses for each dataset can be found in the all _ sources _ metadata csv file.This dataset was created by the Allen Institute for AI in partnership  with the Chan Zuckerberg Initiative Georgetown Universityâ€™s Center for Security and Emerging Technology Microsoft Research IBM and the National Library of Medicine - National Institutes of Health in coordination with The White House Office of Science and Technology Policy.,8.82,https://www.kaggle.com/datasets/allen-institute-for-ai/CORD-19-research-challenge
creditcardfraud,It is important that credit card companies are able to recognize fraudulent credit card transactions so that customers are not charged for items that they did not purchase.The dataset contains transactions made by credit cards in September 2013 by European cardholders. This dataset presents transactions that occurred in two days where we have 492 frauds out of 284807 transactions. The dataset is highly unbalanced the positive class (frauds) account for 0.172% of all transactions.It contains only numerical input variables which are the result of a PCA transformation. Unfortunately due to confidentiality issues we cannot provide the original features and more background information about the data. Features V1 V2 â€¦ V28 are the principal components obtained with PCA the only features which have not been transformed with PCA are 'Time' and 'Amount'. Feature 'Time' contains the seconds elapsed between each transaction and the first transaction in the dataset. The feature 'Amount' is the transaction Amount this feature can be used for example-dependant cost-sensitive learning. Feature 'Class' is the response variable and it takes value 1 in case of fraud and 0 otherwise. Given the class imbalance ratio we recommend measuring the accuracy using the Area Under the Precision-Recall Curve (AUPRC). Confusion matrix accuracy is not meaningful for unbalanced classification.A simulator for transaction data has been released as part of the practical handbook on Machine Learning for Credit Card Fraud Detection - https://fraud-detection-handbook.github.io/fraud-detection-handbook/Chapter_3_GettingStarted/SimulatedDataset.html. We invite all practitioners interested in fraud detection datasets to also check out this data simulator and the methodologies for credit card fraud detection presented in the book.The dataset has been collected and analysed during a research collaboration of Worldline and the Machine Learning Group (http://mlg.ulb.ac.be) of ULB (UniversitÃ© Libre de Bruxelles) on big data mining and fraud detection.More details on current and past projects on related topics are available on https://www.researchgate.net/project/Fraud-detection-5 and the page of the DefeatFraud projectPlease cite the following works: Andrea Dal Pozzolo Olivier Caelen Reid A. Johnson and Gianluca  Bontempi. Calibrating Probability with Undersampling for Unbalanced  Classification. In Symposium on Computational Intelligence and Data  Mining (CIDM) IEEE 2015Dal Pozzolo Andrea; Caelen Olivier; Le Borgne Yann-Ael; Waterschoot Serge; Bontempi Gianluca.  Learned lessons in credit  card fraud detection from a practitioner perspective Expert systems with applications41104915-49282014 PergamonDal Pozzolo Andrea; Boracchi Giacomo; Caelen Olivier; Alippi  Cesare; Bontempi Gianluca. Credit card fraud detection: a realistic modeling and a novel learning strategy  IEEE transactions on neural networks and learning systems2983784-37972018IEEEDal Pozzolo Andrea Adaptive Machine learning for credit card fraud detection ULB MLG PhD thesis (supervised by G. Bontempi)Carcillo Fabrizio; Dal Pozzolo Andrea; Le Borgne Yann-AÃ«l; Caelen Olivier; Mazzer Yannis; Bontempi Gianluca. Scarff: a scalable  framework for streaming credit card fraud detection with Spark Information fusion41 182-1942018ElsevierCarcillo Fabrizio; Le Borgne Yann-AÃ«l; Caelen Olivier; Bontempi Gianluca. Streaming active learning strategies for real-life credit card fraud detection: assessment and visualization International Journal of Data Science and Analytics 54285-3002018Springer International PublishingBertrand Lebichot Yann-AÃ«l Le Borgne Liyun He Frederic OblÃ© Gianluca Bontempi Deep-Learning Domain Adaptation Techniques for Credit Cards Fraud Detection  INNSBDDL 2019: Recent Advances in Big Data and Deep Learning pp 78-88 2019Fabrizio Carcillo Yann-AÃ«l Le Borgne Olivier Caelen Frederic OblÃ© Gianluca Bontempi Combining Unsupervised and Supervised Learning in Credit Card Fraud Detection  Information Sciences 2019Yann-AÃ«l Le Borgne Gianluca Bontempi Reproducible machine Learning for Credit Card Fraud Detection - Practical Handbook  Bertrand Lebichot Gianmarco Paldino Wissam Siblini Liyun He Frederic OblÃ© Gianluca Bontempi Incremental learning strategies for credit cards fraud detection  IInternational Journal of Data Science and Analytics,8.53,https://www.kaggle.com/datasets/mlg-ulb/creditcardfraud
netflix-shows,   About this Dataset: Netflix is one of the most popular media and video streaming platforms. They have over 8000 movies or tv shows available on their platform as of mid-2021 they have over 200M Subscribers globally. This tabular dataset consists of listings of all the movies and tv shows available on Netflix along with details such as - cast directors ratings release year duration etc. Featured Notebooks: Click Here to View Featured NotebooksMilestone: Oct 18th 2021: Most Upvoted Dataset on Kaggle by an Individual ContributorCheck my Other Datasets,10.00,https://www.kaggle.com/datasets/shivamb/netflix-shows
novel-corona-virus-2019-dataset,From World Health Organization - On 31 December 2019 WHO was alerted to several cases of pneumonia in Wuhan City Hubei Province of China. The virus did not match any other known virus. This raised concern because when a virus is new we do not know how it affects people.So daily level information on the affected people can give some interesting insights when it is made available to the broader data science community. Johns Hopkins University has made an excellent dashboard using the affected cases data. Data is extracted from the google sheets associated and made available here.Edited: Now data is available as csv files in the Johns Hopkins Github repository. Please refer to the github repository for the Terms of Use details. Uploading it here for using it in Kaggle kernels and getting insights from the broader DS community. 2019 Novel Coronavirus (2019-nCoV) is a virus (more specifically a coronavirus) identified as the cause of an outbreak of respiratory illness first detected in Wuhan China. Early on many of the patients in the outbreak in Wuhan China reportedly had some link to a large seafood and animal market suggesting animal-to-person spread. However a growing number of patients reportedly have not had exposure to animal markets indicating person-to-person spread is occurring. At this time itâ€™s unclear how easily or sustainably this virus is spreading between people - CDCThis dataset has daily level information on the number of affected cases deaths and recovery from 2019 novel coronavirus. Please note that this is a time series data and so the number of cases on any given day is the cumulative number. The data is available from 22 Jan 2020.Main file in this dataset is covid_19_data.csv and the detailed descriptions are below.covid_19_data.csv2019_ncov_data.csvThis is older file and is not being updated now. Please use the covid_19_data.csv fileAdded two new files with individual level informationCOVID_open_line_list_data.csvThis file is obtained from this linkCOVID19_line_list_data.csvThis files is obtained from this linkCountry level datasetsIf you are interested in knowing country level data please refer to the following Kaggle datasets:India - https://www.kaggle.com/sudalairajkumar/covid19-in-indiaSouth Korea - https://www.kaggle.com/kimjihoo/coronavirusdatasetItaly - https://www.kaggle.com/sudalairajkumar/covid19-in-italyBrazil - https://www.kaggle.com/unanimad/corona-virus-brazilUSA - https://www.kaggle.com/sudalairajkumar/covid19-in-usaSwitzerland - https://www.kaggle.com/daenuprobst/covid19-cases-switzerlandIndonesia - https://www.kaggle.com/ardisragen/indonesia-coronavirus-casesPicture courtesy : Johns Hopkins University dashboardSome insights could be,9.71,https://www.kaggle.com/datasets/sudalairajkumar/novel-corona-virus-2019-dataset
chest-xray-pneumonia,http://www.cell.com/cell/fulltext/S0092-8674(18)30154-5Figure S6. Illustrative Examples of Chest X-Rays in Patients with Pneumonia Related to Figure 6The normal chest X-ray (left panel) depicts clear lungs without any areas of abnormal opacification in the image. Bacterial pneumonia (middle) typically exhibits a focal lobar consolidation in this case in the right upper lobe (white arrows) whereas viral pneumonia (right) manifests with a more diffuse â€˜â€˜interstitialâ€™â€™ pattern in both lungs.http://www.cell.com/cell/fulltext/S0092-8674(18)30154-5The dataset is organized into 3 folders (train test val) and contains subfolders for each image category (Pneumonia/Normal).  There are 5863 X-Ray images (JPEG) and 2 categories (Pneumonia/Normal). Chest X-ray images (anterior-posterior) were selected from retrospective cohorts of pediatric patients of one to five years old from Guangzhou Women and Childrenâ€™s Medical Center Guangzhou. All chest X-ray imaging was performed as part of patientsâ€™ routine clinical care. For the analysis of chest x-ray images all chest radiographs were initially screened for quality control by removing all low quality or unreadable scans. The diagnoses for the images were then graded by two expert physicians before being cleared for training the AI system. In order to account for any grading errors the evaluation set was also checked by a third expert.Data: https://data.mendeley.com/datasets/rscbjbr9sj/2License: CC BY 4.0Citation: http://www.cell.com/cell/fulltext/S0092-8674(18)30154-5Automated methods to detect and classify human diseases from medical images.,7.50,https://www.kaggle.com/datasets/paultimothymooney/chest-xray-pneumonia
videogamesales,This dataset contains a list of video games with sales greater than 100000 copies.  It was generated by a scrape of vgchartz.com.Fields includeRank - Ranking of overall salesName - The games namePlatform - Platform of the games release (i.e. PCPS4 etc.)Year - Year of the game's releaseGenre - Genre of the gamePublisher - Publisher of the gameNA_Sales - Sales in North America (in millions)EU_Sales - Sales in Europe (in millions)JP_Sales - Sales in Japan (in millions)Other_Sales - Sales in the rest of the world (in millions)Global_Sales - Total worldwide sales.The script to scrape the data is available at https://github.com/GregorUT/vgchartzScrape.It is based on BeautifulSoup using Python.There are 16598 records.  2 records were dropped due to incomplete information.,5.88,https://www.kaggle.com/datasets/gregorut/videogamesales
youtube-new,UPDATE: Source code used for collecting this data released hereYouTube (the world-famous video sharing website) maintains a list of the top trending videos on the platform. According to Variety magazine â€œTo determine the yearâ€™s top-trending videos YouTube uses a combination of factors including measuring users interactions (number of views shares comments and likes). Note that theyâ€™re not the most-viewed videos overall for the calendar yearâ€. Top performers on the YouTube trending list are music videos (such as the famously virile â€œGangam Styleâ€) celebrity and/or reality TV performances and the random dude-with-a-camera viral videos that YouTube is well-known for.This dataset is a daily record of the top trending YouTube videos.Note that this dataset is a structurally improved version of this dataset.This dataset includes several months (and counting) of data on daily trending YouTube videos. Data is included for the US GB DE CA and FR regions (USA Great Britain Germany Canada and France respectively) with up to 200 listed trending videos per day.EDIT: Now includes data from RU MX KR JP and IN regions (Russia Mexico South Korea Japan and India respectively) over the same time period.  Each regionâ€™s data is in a separate file. Data includes the video title channel title publish time tags views likes and dislikes description and comment count.The data also includes a category_id field which varies between regions. To retrieve the categories for a specific video find it in the associated JSON. One such file is included for each of the five regions in the dataset.For more information on specific columns in the dataset refer to the column metadata.This dataset was collected using the YouTube API.Possible uses for this dataset could include:For further inspiration see the kernels on this dataset!,7.94,https://www.kaggle.com/datasets/datasnaek/youtube-new
data-science-cheat-sheets,A collection of cheat sheets for various data-science related languages and topics.Taken from https://github.com/abhat222/Data-Science--Cheat-Sheet,8.75,https://www.kaggle.com/datasets/timoboz/data-science-cheat-sheets
google-play-store-apps,While many public datasets (on Kaggle and the like) provide Apple App Store data there are not many counterpart datasets available for Google Play Store apps anywhere on the web. On digging deeper I found out that iTunes App Store page deploys a nicely indexed appendix-like structure to allow for simple and easy web scraping. On the other hand Google Play Store uses sophisticated modern-day techniques (like dynamic page load) using JQuery making scraping more challenging.Each app (row) has values for catergory rating size and more.This information is scraped from the Google Play Store. This app information would not be available without it.The Play Store apps data has enormous potential to drive app-making businesses to success. Actionable insights can be drawn for developers to work on and capture the Android market!,7.06,https://www.kaggle.com/datasets/lava18/google-play-store-apps
soccer,"What you get:*16th Oct 2016: New table containing teams' attributes from FIFA !Original Data Source: You can easily find data about soccer matches but they are usually scattered across different websites. A thorough data collection and processing has been done to make your life easier. I must insist that you do not make any commercial use of the data. The data was sourced from:http://football-data.mx-api.enetscores.com/ : scores lineup team formation and eventshttp://www.football-data.co.uk/ : betting odds. Click here to understand the column naming system for betting odds: http://sofifa.com/ : players and teams attributes from EA Sports FIFA games. FIFA series and all FIFA assets property of EA Sports.When you have a look at the database you will notice foreign keys for  players and matches are the same as the original data sources. I have  called those foreign keys ""api_id"".Improving the dataset: You will notice that some players are missing from the lineup (NULL values). This is because I have not been able to source their attributes from FIFA. This will be fixed overtime as the crawling algorithm is being improved.The dataset will also be expanded to include international games national cups Champion's League and Europa League. Please ask me if you're after a specific tournament.Please get in touch with me if you want to help improve this dataset. CLICK HERE TO ACCESS THE PROJECT GITHUBImportant note for people interested in using the crawlers: since I first wrote the crawling scripts (in python) it appears sofifa.com has changed its design and with it comes new requirements for the scripts. The existing script to crawl players ('Player Spider') will not work until i've updated it.Exploring the data:Now that's the fun part there is a lot you can do with this dataset. I will be adding visuals and insights to this overview page but please have a look at the kernels and give it a try yourself ! Here are some ideas for you:The Holy Grailâ€¦â€¦ is obviously to predict the outcome of the game. The bookies use 3 classes (Home Win Draw Away Win). They get it right about 53% of the time. This is also what I've achieved so far using my own SVM. Though it may sound high for such a random sport game you've got to know that the home team wins about 46% of the time. So the base case (constantly predicting Home Win) has indeed 46% precision. Probabilities vs OddsWhen running a multi-class classifier like SVM you could also output a probability estimate and compare it to the betting odds. Have a look at your variance vs odds and see for what games you had very different predictions.Explore and visualize featuresWith access to players and teams attributes team formations and in-game events you should be able to produce some interesting insights into The Beautiful Game . Who knows Guardiola himself may hire one of you some day!",7.06,https://www.kaggle.com/datasets/hugomathien/soccer
price-volume-data-for-all-us-stocks-etfs,High-quality financial data is expensive to acquire and is therefore rarely shared for free.  Here I provide the full historical daily price and volume data for all US-based stocks and ETFs trading on the NYSE NASDAQ and NYSE MKT. It's one of the best datasets of its kind you can obtain. The data (last updated 11/10/2017) is presented in CSV format as follows: Date Open High Low Close Volume OpenInt. Note that prices have been adjusted for dividends and splits. This dataset belongs to me. Iâ€™m sharing it here for free. You may do with it as you wish. Many have tried but most have failed to predict the stock market's ups and downs. Can you do any better? ,7.50,https://www.kaggle.com/datasets/borismarjanovic/price-volume-data-for-all-us-stocks-etfs
world-happiness,The World Happiness Report is a landmark survey of the state of global happiness. The first report was published in 2012 the second in 2013 the third in 2015 and the fourth in the 2016 Update. The World Happiness 2017 which ranks 155 countries by their happiness levels was released at the United Nations at an event celebrating International Day of Happiness on March 20th. The report continues to gain global recognition as governments organizations and civil society increasingly use happiness indicators to inform their policy-making decisions. Leading experts across fields â€“ economics psychology survey analysis national statistics health public policy and more â€“ describe how measurements of well-being can be used effectively to assess the progress of nations. The reports review the state of happiness in the world today and show how the new science of happiness explains personal and national variations in happiness. The happiness scores and rankings use data from the Gallup World Poll. The scores are based on answers to the main life evaluation question asked in the poll. This question known as the Cantril ladder asks respondents to think of a ladder with the best possible life for them being a 10 and the worst possible life being a 0 and to rate their own current lives on that scale. The scores are from nationally representative samples for the years 2013-2016 and use the Gallup weights to make the estimates representative. The columns following the happiness score estimate the extent to which each of six factors â€“ economic production social support life expectancy freedom absence of corruption and generosity â€“ contribute to making life evaluations higher in each country than they are in Dystopia a hypothetical country that has values equal to the worldâ€™s lowest national averages for each of the six factors. They have no impact on the total score reported for each country but they do explain why some countries rank higher than others.What countries or regions rank the highest in overall happiness and each of the six factors contributing to happiness? How did country ranks or scores change between the 2015 and 2016 as well as the 2016 and 2017 reports? Did any country experience a significant increase or decrease in happiness?What is Dystopia?Dystopia is an imaginary country that has the worldâ€™s least-happy people. The purpose in establishing Dystopia is to have a benchmark against which all countries can be favorably compared (no country performs more poorly than Dystopia) in terms of each of the six key variables thus allowing each sub-bar to be of positive width. The lowest scores observed for the six key variables therefore characterize Dystopia. Since life would be very unpleasant in a country with the worldâ€™s lowest incomes lowest life expectancy lowest generosity most corruption least freedom and least social support it is referred to as â€œDystopiaâ€ in contrast to Utopia.What are the residuals?The residuals or unexplained components differ for each country reflecting the extent to which the six variables either over- or under-explain average 2014-2016 life evaluations. These residuals have an average value of approximately zero over the whole set of countries. Figure 2.2 shows the average residual for each country when the equation in Table 2.1 is applied to average 2014- 2016 data for the six variables in that country. We combine these residuals with the estimate for life evaluations in Dystopia so that the combined bar will always have positive values. As can be seen in Figure 2.2 although some life evaluation residuals are quite large occasionally exceeding one point on the scale from 0 to 10 they are always much smaller than the calculated value in Dystopia where the average life is rated at 1.85 on the 0 to 10 scale.What do the columns succeeding the Happiness Score(like Family Generosity etc.) describe?The following columns: GDP per Capita Family Life Expectancy Freedom Generosity Trust Government Corruption describe the extent to which these factors contribute in evaluating the happiness in each country. The Dystopia Residual metric actually is the Dystopia Happiness Score(1.85) +  the Residual value or the unexplained value for each country as stated in the previous answer.If you add all these factors up you get the happiness score so it might be un-reliable to model them to predict Happiness Scores.,8.53,https://www.kaggle.com/datasets/unsdsn/world-happiness
students-performance-in-exams,Marks secured by the studentsThis data set consists of the marks secured by the students in various subjects. http://roycekimmons.com/tools/generated_data/examsTo understand the influence of the parents background test preparation etc on students performance,7.06,https://www.kaggle.com/datasets/spscientist/students-performance-in-exams
pima-indians-diabetes-database,This dataset is originally from the National Institute of Diabetes and Digestive and Kidney Diseases. The objective of the dataset is to diagnostically predict whether or not a patient has diabetes based on certain diagnostic measurements included in the dataset. Several constraints were placed on the selection of these instances from a larger database. In particular all patients here are females at least 21 years old of Pima Indian heritage.The datasets consists of several medical predictor variables and one target variable Outcome. Predictor variables includes the number of pregnancies the patient has had their BMI insulin level age and so on.Smith J.W. Everhart J.E. Dickson W.C. Knowler W.C. & Johannes R.S. (1988). Using the ADAP learning algorithm to forecast the onset of diabetes mellitus. In Proceedings of the Symposium on Computer Applications and Medical Care (pp. 261--265). IEEE Computer Society Press.Can you build a machine learning model to accurately predict whether or not the patients in the dataset have diabetes or not?,8.82,https://www.kaggle.com/datasets/uciml/pima-indians-diabetes-database
fivethirtyeight-comic-characters-dataset,This folder contains data behind the story Comic Books Are Still Made By Men For Men And About Men.The data comes from Marvel Wikia and DC Wikia. Characters were scraped on August 24. Appearance counts were scraped on September 2. The month and year of the first issue each character appeared in was pulled on October 6.The data is split into two files for DC and Marvel respectively: dc-wikia-data.csv and marvel-wikia-data.csv. Each file has the following variables:This is a dataset from FiveThirtyEight hosted on their GitHub. Explore FiveThirtyEight data using Kaggle and all of the data sources available through the FiveThirtyEight organization page!  This dataset is maintained using GitHub's API and Kaggle's API.This dataset is distributed under the Attribution 4.0 International (CC BY 4.0) license.  Cover photo by Zbysiu Rodak on Unsplash Unsplash Images are distributed under a unique Unsplash License.,8.24,https://www.kaggle.com/datasets/fivethirtyeight/fivethirtyeight-comic-characters-dataset
wine-reviews,After watching Somm (a documentary on master sommeliers) I wondered how I could create a predictive model to identify wines through blind tasting like a master sommelier would. The first step in this journey was gathering some data to train a model. I plan to use deep learning to predict the wine variety using words in the description/review. The model still won't be able to taste the wine but theoretically it could identify the wine based on a description that a sommelier could give. If anyone has any ideas on how to accomplish this please post them!This dataset contains three files:winemag-data-130k-v2.csv contains 10 columns and 130k rows of wine reviews. winemag-data_first150k.csv contains 10 columns and 150k rows of wine reviews.  winemag-data-130k-v2.json contains 6919 nodes of wine reviews. Click on the data tab to see individual file descriptions column-level metadata and summary statistics.The data was scraped from WineEnthusiast during the week of June 15th 2017. The code for the scraper can be found here if you have any more specific questions about data collection that I didn't address.UPDATE 11/24/2017After feedback from users of the dataset I scraped the reviews again on November 22nd 2017. This time around I collected the title of each review which you can parse the year out of the tasters name and the taster's Twitter handle. This should also fix the duplicate entry issue.I think that this dataset offers some great opportunities for sentiment analysis and other text related predictive models. My overall goal is to create a model that can identify the variety winery and location of a wine based on a description. If anyone has any ideas breakthroughs or other interesting insights/models please post them.,7.94,https://www.kaggle.com/datasets/zynicide/wine-reviews
avocado-prices,It is a well known fact that Millenials LOVE Avocado Toast. It's also a well known fact that all Millenials live in their parents basements.Clearly they aren't buying home because they are buying too much Avocado Toast!But maybe there's hopeâ€¦ if a Millenial could find a city with cheap avocados they could live out the Millenial American Dream.This data was downloaded from the Hass Avocado Board website in May of 2018 & compiled into a single CSV. Here's how the Hass Avocado Board describes the data on their website:The table below represents weekly 2018 retail scan data for National retail volume (units) and price. Retail scan data comes directly from retailersâ€™ cash registers based on actual retail sales of Hass avocados. Starting in 2013 the table below reflects an expanded multi-outlet retail data set. Multi-outlet reporting includes an aggregation of the following channels: grocery mass club drug dollar and military. The Average Price (of avocados) in the table reflects a per unit (per avocado) cost even when multiple units (avocados) are sold in bags. The Product Lookup codes (PLUâ€™s) in the table are only for Hass avocados. Other varieties of avocados (e.g. greenskins) are not included in this table.Some relevant columns in the dataset:Many thanks to the Hass Avocado Board for sharing this data!!http://www.hassavocadoboard.com/retail/volume-and-price-dataIn which cities can millenials have their avocado toast AND buy a home?Was the Avocadopocalypse of 2017 real?,9.71,https://www.kaggle.com/datasets/neuromusic/avocado-prices
tmdb-movie-metadata,What can we say about the success of a movie before it is released? Are there certain companies (Pixar?) that have found a consistent formula? Given that major films costing over $100 million to produce can still flop this question is more important than ever to the industry. Film aficionados might have different interests. Can we predict which films will be highly rated whether or not they are a commercial success?This is a great place to start digging in to those questions with data on the plot cast crew budget and revenues of several thousand films.We (Kaggle) have removed the original version of this dataset per a DMCA takedown request from IMDB. In order to minimize the impact we're replacing it with a similar set of films and data fields from The Movie Database (TMDb) in accordance with their terms of use. The bad news is that kernels built on the old dataset will most likely no longer work.The good news is that:You can port your existing kernels over with a bit of editing. This kernel offers functions and examples for doing so. You can also find a general introduction to the new format here.The new dataset contains full credits for both the cast and the crew rather than just the first three actors.Actor and actresses are now listed in the order they appear in the credits. It's unclear what ordering the original dataset used; for the movies I spot checked it didn't line up with either the credits order or IMDB's stars order.The revenues appear to be more current. For example IMDB's figures for Avatar seem to be from 2010 and understate the film's global revenues by over $2 billion.Some of the movies that we weren't able to port over (a couple of hundred) were just bad entries. For example this IMDB entry has basically no accurate information at all. It lists Star Wars Episode VII as a documentary.Several of the new columns contain json. You can save a bit of time by porting the load data functions [from this kernel]().Even in simple fields like runtime may not be consistent across versions. For example previous dataset shows the duration for Avatar's extended cut while TMDB shows the time for the original version.There's now a separate file containing the full credits for both the cast and crew.All fields are filled out by users so don't expect them to agree on keywords genres ratings or the like.Your existing kernels will continue to render normally until they are re-run.If you are curious about how this dataset was prepared the code to access TMDb's API is posted here.New columns:homepageidoriginal_titleoverviewpopularityproduction_companiesproduction_countriesrelease_datespoken_languagesstatustaglinevote_averageLost columns:actor_1_facebook_likesactor_2_facebook_likesactor_3_facebook_likesaspect_ratiocast_total_facebook_likescolorcontent_ratingdirector_facebook_likesfacenumber_in_postermovie_facebook_likesmovie_imdb_linknum_critic_for_reviewsnum_user_for_reviewsThere are some things we haven't had a chance to confirm about the new dataset. If you have any insights please let us know in the forums!Are the budgets and revenues all in US dollars? Do they consistently show the global revenues?This dataset hasn't yet gone through a data quality analysis. Can you find any obvious corrections? For example in the IMDb version it was necessary to treat values of zero in the budget field as missing. Similar findings would be very helpful to your fellow Kagglers! (It's probably a good idea to keep treating zeros as missing with the caveat that missing budgets much more likely to have been from small budget films in the first place).Can you categorize the films by type such as animated or not? We don't have explicit labels for this but it should be possible to build them from the crew's job titles.How sharp is the divide between major film studios and the independents? Do those two groups fall naturally out of a clustering analysis or is something more complicated going on?This dataset was generated from The Movie Database API. This product uses the TMDb API but is not endorsed or certified by TMDb.Their API also provides access to data on many additional movies actors and actresses crew members and TV shows. You can try it for yourself here.,8.24,https://www.kaggle.com/datasets/tmdb/tmdb-movie-metadata
